Pedido;Data;Vendedor;Situacao;Cidade;Logistica;Situacao_CSV_Entrega;Valor_Pedido;Endereco;Qtd_Itens;Itens_Resumo
MOCK-B01;16/09/2026;LEONARDO;Faturado;CRATEUS;RETIRADA;RETIRADA;R$ 450,00;Rua Dom Pedro II, 120, Centro;1;21503 - CIMENTO POTY TODAS OBRAS 50KG (10,00 UN)
MOCK-B02;16/09/2026;MASCILON;Cancelado;CRATEUS;ENTREGUE;NORMAL;R$ 1.200,00;Av. Dr. José Martins, 450, Bairro Fátima;1;21503 - CIMENTO POTY TODAS OBRAS 50KG (25,00 UN)
MOCK-B03;16/09/2026;CAMILA;Faturado;CRATEUS;RETIRADA;RETIRADA;R$ 320,00;Rua Santos Dumont, 88, Centro;2;14900 - ARGAMASSA VARANDAS E QUINTAIS 15KG QUARTZOLIT (8,00 UN) | 17250 - REJ QUARTZOLIT BEGE - 1KG (2,00 UN)
MOCK-E0-01;16/09/2026;LEONARDO;Faturado;CRATEUS;ENTREGUE;URGENTE;R$ 1.850,00;Rua Coronel Zezé, 340, Centro, CEP 63700-000;2;21503 - CIMENTO POTY TODAS OBRAS 50KG (20,00 UN) | 14900 - ARGAMASSA VARANDAS E QUINTAIS 15KG QUARTZOLIT (10,00 UN)
MOCK-E0-02;16/09/2026;CAMILA;Faturado;CRATEUS;ENTREGUE;NORMAL;R$ 950,00;Rua Frei Vidal da Penha, 512, São Vicente;1;21243 - PISO CERBRAS IPANEMA BEGE 46 X 46 "A" (25,30 MT)
MOCK-E0-03;16/09/2026;MASCILON;Faturado;IBIAPABA;ENTREGUE;NORMAL;R$ 1.100,00;Rua Principal, 45, Distrito Ibiapaba;1;21503 - CIMENTO POTY TODAS OBRAS 50KG (20,00 UN)
MOCK-E0-04;16/09/2026;LEONARDO;Faturado;MONTE NEBO;ENTREGUE;NORMAL;R$ 680,00;Av. Central, 12, Distrito Monte Nebo;1;14900 - ARGAMASSA VARANDAS E QUINTAIS 15KG QUARTZOLIT (15,00 UN)
MOCK-E4-01;16/09/2026;MASCILON;Faturado;IPAPORANGA;ENTREGUE;URGENTE;R$ 4.800,00;Rua Franklin José Vieira, 100, Centro, Ipaporanga, CEP 62290-000;2;21503 - CIMENTO POTY TODAS OBRAS 50KG (40,00 UN) | 14900 - ARGAMASSA VARANDAS E QUINTAIS 15KG QUARTZOLIT (20,00 UN)
MOCK-E4-02;16/09/2026;CAMILA;Faturado;IPAPORANGA;ENTREGUE;URGENTE;R$ 1.500,00;Av. 22 de Setembro, 240, Ipaporanga;1;10200 - TUBO ESGOTO 100MM 6M TIGRE (15,00 UN)
MOCK-E4-03;16/09/2026;LEONARDO;Faturado;PORANGA;ENTREGUE;NORMAL;R$ 3.600,00;Rua Epitácio Pinho, 55, Centro, Poranga;1;21503 - CIMENTO POTY TODAS OBRAS 50KG (60,00 UN)
MOCK-E4-04;16/09/2026;MASCILON;Faturado;PORANGA;ENTREGUE;NORMAL;R$ 2.400,00;Rua do Comércio, 310, Poranga;2;21243 - PISO CERBRAS IPANEMA BEGE 46 X 46 "A" (50,60 MT) | 14900 - ARGAMASSA VARANDAS E QUINTAIS 15KG QUARTZOLIT (10,00 UN)
MOCK-E4-05;16/09/2026;CAMILA;Faturado;IPAPORANGA;ENTREGUE;NORMAL;R$ 1.950,00;Rua Monsenhor Odorico, 80, Ipaporanga;1;21503 - CIMENTO POTY TODAS OBRAS 50KG (30,00 UN)
MOCK-E4-06;16/09/2026;LEONARDO;Faturado;PORANGA;ENTREGUE;NORMAL;R$ 2.800,00;Av. Dr. Central, 400, Poranga;1;21503 - CIMENTO POTY TODAS OBRAS 50KG (45,00 UN)
MOCK-E4-07;16/09/2026;MASCILON;Faturado;IPAPORANGA;ENTREGUE;NORMAL;R$ 1.300,00;Travessa da Matriz, 15, Ipaporanga;1;21243 - PISO CERBRAS IPANEMA BEGE 46 X 46 "A" (25,30 MT)
MOCK-E4-08;16/09/2026;CAMILA;Faturado;PORANGA;ENTREGUE;NORMAL;R$ 1.750,00;Rua Nova, 122, Poranga;1;21503 - CIMENTO POTY TODAS OBRAS 50KG (25,00 UN)
MOCK-E4-09;16/09/2026;LEONARDO;Faturado;IPAPORANGA;ENTREGUE;NORMAL;R$ 890,00;Rua São José, 78, Ipaporanga;1;14900 - ARGAMASSA VARANDAS E QUINTAIS 15KG QUARTZOLIT (20,00 UN)
MOCK-E2-01;16/09/2026;MASCILON;Faturado;INDEPENDENCIA;ENTREGUE;URGENTE;R$ 3.200,00;Rua Coronel Raimundo de Oliveira, 150, Centro, Independência;1;21503 - CIMENTO POTY TODAS OBRAS 50KG (50,00 UN)
MOCK-E2-02;16/09/2026;CAMILA;Faturado;INDEPENDENCIA;ENTREGUE;NORMAL;R$ 1.800,00;Av. 7 de Setembro, 88, Independência;1;21243 - PISO CERBRAS IPANEMA BEGE 46 X 46 "A" (35,00 MT)
MOCK-E2-03;16/09/2026;LEONARDO;Faturado;NOVO ACORDO;ENTREGUE;NORMAL;R$ 900,00;Rua Principal, 22, Novo Acordo;1;14900 - ARGAMASSA VARANDAS E QUINTAIS 15KG QUARTZOLIT (18,00 UN)
MOCK-E3-01;16/09/2026;MASCILON;Faturado;TAUA;ENTREGUE;URGENTE;R$ 4.200,00;Rua Cel. Lourenço Feitosa, 230, Centro, Tauá;1;21503 - CIMENTO POTY TODAS OBRAS 50KG (60,00 UN)
MOCK-E3-02;16/09/2026;CAMILA;Faturado;TAUA;ENTREGUE;NORMAL;R$ 1.450,00;Av. Odilon Aguiar, 400, Tauá;1;10200 - TUBO ESGOTO 100MM 6M TIGRE (10,00 UN)
MOCK-E1-01;16/09/2026;LEONARDO;Faturado;NOVO ORIENTE;ENTREGUE;NORMAL;R$ 2.900,00;Rua Dr. Rufino, 105, Centro, Novo Oriente;1;21503 - CIMENTO POTY TODAS OBRAS 50KG (45,00 UN)
MOCK-E5-01;16/09/2026;CAMILA;Faturado;QUITERIANOPOLIS;ENTREGUE;NORMAL;R$ 2.100,00;Rua Gonçalves Dias, 40, Quiterianópolis;1;21503 - CIMENTO POTY TODAS OBRAS 50KG (30,00 UN)
