Pedido;Data;Vendedor;Situacao;Cidade;Logistica;Situacao_CSV_Entrega;Valor_Pedido;Qtd_Itens;Itens_Resumo
L12609254;15/08/2026;MASCILON;Faturado;CRATEUS;ENTREGUE;PROGRAMADO;R$ 441,00;5;15179 - ENGATE KRONA 50CM (1,00 UN) | 8236 - ANEL JAPI DE VEDAÇAO COM GUIA P/ VASO SANIT (1,00 UN) | 5648 - CONJ CELITE ACOP SAVEIRO BRANCO (1,00 UN) | 7694 - ASSENTO ASTRA SANIT SOFT BR1 (1,00 UN) | 23988 - PARAFUSO EUROFIX P/ SANIT B-10 LATONADO C/ 02 (1,00 UN)
L12609259;15/08/2026;CAMILA;Faturado;CRATEUS;ENTREGUE;NORMAL;R$ 1.137,00;1;"22931 - PISO KARINA REF. 75032 ""A"" 75 X 75 RET POLIDO BLACK GOLD (15,61 MT)"
L12609322;15/08/2026;CAMILA;Faturado;VILA GRACA;ENTREGUE;CARRO HORARIO;R$ 175,90;1;20255 - JAN QUALITY COR NATURAL 2F 100 X 1,00 V CANELADO (1,00 UN)
L12609324;15/08/2026;LEONARDO;Faturado;CRATEUS;ENTREGUE;URGENTE;R$ 1.999,20;1;21503 - CIMENTO POTY TODAS OBRAS 50KG (40,00 UN)
L12609330;15/08/2026;LEONARDO;Faturado;CRATEUS;ENTREGUE;NORMAL;R$ 645,00;1;8608 - ARGAMASSA VOTOMASSA ACII 15KG EXTERNA (30,00 UN)
L12609331;15/08/2026;LIMA;Faturado;CRATEUS;ENTREGUE;RETIRADA;R$ 195,82;2;"24287 - PISO KARINA REF. 68027 ""A"" 60 X 120 RET POLIDO CLIPSE ORO (2,18 MT) | 12532 - ARGAMASSA ACIII QUARTZOLIT-15KG (1,00 UN)"
L12609334;15/08/2026;CAMILA;Faturado;CRATEUS;ENTREGUE;RETIRADA;R$ 287,78;5;"17565 - ELETRODUTO KRONA DE PVC FLEX CORRUGADO 25MM 50MT (3,00 MT) | 3011 - CAIXA TRAMONTINA EMBUTIR 4 X 2 AMARELA (2,00 UN) | 24753 - PISO KARINA REF. 60332 ""A"" PIETRASANTA RET (4,96 MT) | 19458 - REJ CZ ARTICO QUARTZOLIT - 1KG (1,00 UN) | 12532 - ARGAMASSA ACIII QUARTZOLIT-15KG (2,00 UN)"
L12609336;15/08/2026;CAMILA;Faturado;CRATEUS;ENTREGUE;RETIRADA;R$ 234,50;1;21503 - CIMENTO POTY TODAS OBRAS 50KG (5,00 UN)
L12609341;15/08/2026;CAMILA;Faturado;CRATEUS;ENTREGUE;RETIRADA;R$ 143,00;1;22530 - PORC. CERBRAS SOHO NUDE MATTE HD 70 X 70 A (2,00 MT)
L12609342;15/08/2026;LEONARDO;Faturado;CRATEUS;ENTREGUE;RETIRADA;R$ 75,67;1;"12890 - PISO CERBRAS IPU MARFIM HD 46 X 46 ""A"" (2,30 MT)"
L12609343;15/08/2026;MASCILON;Faturado;CRATEUS;ENTREGUE;RETIRADA;R$ 623,76;2;"5526 - PISO CERBRAS ARARIPE BG 46 X 46 ""A"" (13,80 MT) | 11763 - PISO CERBRAS ICAPUI BR 46 X 46 ''A'' (4,60 MT)"
L12609346;15/08/2026;LIMA;Faturado;CRATEUS;ENTREGUE;RETIRADA;R$ 91,60;1;14900 - ARGAMASSA VARANDAS E QUINTAIS 15KG QUARTZOLIT (4,00 UN)
L12609354;15/08/2026;MASCILON;Faturado;CRATEUS;ENTREGUE;CARRO HORARIO;R$ 229,00;1;14900 - ARGAMASSA VARANDAS E QUINTAIS 15KG QUARTZOLIT (10,00 UN)
L12609367;15/08/2026;MASCILON;Faturado;CRATEUS;ENTREGUE;NORMAL;R$ 110,00;2;"22931 - PISO KARINA REF. 75032 ""A"" 75 X 75 RET POLIDO BLACK GOLD (0,55 MT) | 21531 - PORC. ICARO POLIDO HD 70 X 70 ""C"" CERBRAS (1,00 MT)"
L12609369;15/08/2026;MASCILON;Faturado;CRATEUS;ENTREGUE;RETIRADA;R$ 223,72;3;"7721 - SIFAO ASTRA DUPLO SANFONADO (1,00 UN) | 12532 - ARGAMASSA ACIII QUARTZOLIT-15KG (1,00 UN) | 23107 - PISO KARINA RET REF. 68006 ""A"" 60 X 120 OMBRA DI CARVAGGI (2,18 MT)"
L12609372;15/08/2026;LEONARDO;Faturado;CRATEUS;ENTREGUE;NORMAL;R$ 5.771,16;2;"12505 - PISO CERBRAS AURORA BR 57 X 57 ""A"" (60,26 MT) | 24615 - PISO POINTER TOSCANA 60 X 60 BR REF. 212111 (96,14 MT)"
L12609374;15/08/2026;MASCILON;Faturado;CRATEUS;ENTREGUE;RETIRADA;R$ 161,15;8;"10315 - LATEX MARFIM 3,6L FORTMAIS FORTEX (1,00 UN) | 14901 - ARGAMASSA PORC E PISO S/ PISO INT CINZA 15KG QUARTZOLIT (2,00 UN) | 4544 - LIXA ATLAS P/ MASSA 80 (1,00 UN) | 4525 - ROLO ATLAS POLYESTER 9CM (2,00 UN) | 8956 - TRINCHA ATLAS MEDIA SINTETICA 1.1/2 PLUMA (1,00 UN) | 21336 - ESM. IQUINE DIALINE SEC RAP AB MARRON CONHAQUE 750ML (1,00 UN) | 8955 - TRINCHA ATLAS MEDIA SINTETICA 1"" PLUMA TEK (1,00 UN) | 12866 - LIXA ATLAS PARA FERRO GRAO 100 (1,00 UN)"
L12609376;15/08/2026;LIMA;Faturado;CRATEUS;ENTREGUE;RETIRADA;R$ 140,70;1;21503 - CIMENTO POTY TODAS OBRAS 50KG (3,00 UN)
L12609380;15/08/2026;MASCILON;Faturado;CRATEUS;ENTREGUE;NORMAL;R$ 310,00;1;15191 - CARRINHO TRAMONTINA RED DE MAO AZUL 50L CHAPA 24 (1,00 UN)
L12609381;15/08/2026;LEONARDO;Faturado;CRATEUS;ENTREGUE;NORMAL;R$ 965,52;5;24807 - NIVEL IRWIN DE ALUMINIO 610MM/ 24 (1,00 UN) | 23443 - PISO POINTER TRASTEVERE 60 X 60 EXT REF. 54665 (15,18 MT) | 19295 - PRUMO CORTAG PAREDE 500G (1,00 UN) | 24363 - SUPORTE NIQUELART PAPEL HIG C/ LIX CR CL CH (1,00 UN) | 11674 - LIXEIRA MOR 5L AGATA (1,00 UN)
L12609383;15/08/2026;LIMA;Faturado;CRATEUS;ENTREGUE;RETIRADA;R$ 489,00;2;"13139 - CHUVEIRO ASTRA PLASTICO 4"" BRANCO (1,00 UN) | 7694 - ASSENTO ASTRA SANIT SOFT BR1 (1,00 UN)"
L12609385;15/08/2026;MASCILON;Faturado;SUCESSO;ENTREGUE;NORMAL;R$ 352,81;1;"21246 - PISO CERBRAS IPANEMA CINZA 46 X 46 ""A"" (13,58 MT)"
L8507237;15/08/2026;GEICI;Faturado;IPAPORANGA;ENTREGUE;NORMAL;R$ 176,00;1;24606 - PISO POINTER GIOIA ORO 60 X 60 BR REF. 21211 (5,06 MT)
L8507238;15/08/2026;GEICI;Faturado;CRATEUS;ENTREGUE;NORMAL;R$ 483,00;4;8236 - ANEL JAPI DE VEDAÇAO COM GUIA P/ VASO SANIT (1,00 UN) | 5648 - CONJ CELITE ACOP SAVEIRO BRANCO (1,00 UN) | 15171 - ENGATE KRONA 40CM (1,00 UN) | 9861 - PARAFUSO TORALF DE FIXAÇAO PA (1,00)
L8507242;15/08/2026;GEICI;Faturado;CRATEUS;ENTREGUE;CARRO HORARIO;R$ 73,00;1;16706 - TELHA FIBROC. 2,44 X 0,50M 4MM ETERNIT (2,00 UN)
L12608719;17/08/2026;MASCILON;Faturado;CRATEUS;ENTREGUE;NORMAL;R$ 775,37;8;3722 - LUVA KRONA SOLD BUCHA LATAO 25 X 3/4 (2,00 UN) | 21503 - CIMENTO POTY TODAS OBRAS 50KG (3,00 UN) | 21342 - REG. BELLARENZO 1416 DE PRESSAO ABS 3/4 C-40 LIGHT (2,00 UN) | 3426 - CANO KRONA AGUA SOLD 25MM (30,00 MT) | 12673 - CANO KRONA ESGOTO 100MM (18,00 MT) | 13383 - FITA VEDA ROSCA PULVITEC 18MM X 50M (2,00 UN) | 3034 - ADAPTADOR KRONA SOLD CURTO 25 X 3/4 (2,00 UN) | 9870 - ADESIVO KRONA PLASTICO 75G (2,00 UN)
L12608835;17/08/2026;LEONARDO;Faturado;CRATEUS;ENTREGUE;URGENTE;R$ 597,00;2;"24746 - PISO KARINA REF. 67019 ""A"" 60 X 60 LUMINE GOLD ESM (7,44 MT) | 7338 - PISO CERBRAS PARATI HD 46 X 46 ""A"" (4,60 MT)"
L12609226;17/08/2026;LEONARDO;Faturado;CRATEUS;ENTREGUE;URGENTE;R$ 875,68;3;"21231 - REV. KARINA REF. 37207 ""A"" 32 X 57 ESM PRISMA MIX HD (2,00 MT) | 23101 - PISO KARINA GOLDEN CARBON 60 X 120 A RET POLIDO REF: 6801 (8,72 MT) | 17170 - LATEX FORTEX BRANCO GELO 15L FORTMAIS (1,00 UN)"
L12609399;17/08/2026;LIMA;Faturado;CRATEUS;ENTREGUE;NORMAL;R$ 290,25;4;17330 - LATEX MARFIM 15L FORTMAIS FORTEX (2,00 UN) | 21226 - GESSOMIX 1KG (5,00 UN) | 4545 - LIXA ATLAS P/ MASSA 120 (5,00 UN) | 5821 - SUPERCAL 5KG HIDRACOR (2,00 UN)
L12609401;17/08/2026;CAMILA;Faturado;IBIAPABA;ENTREGUE;CARRO HORARIO;R$ 14,10;1;5722 - BUCHA KRONA RED SOLD CURTA 40 X 32MM (4,00 UN)
L12609403;17/08/2026;CAMILA;Faturado;CRATEUS;ENTREGUE;RETIRADA;R$ 553,50;1;12532 - ARGAMASSA ACIII QUARTZOLIT-15KG (15,00 UN)
L12609407;17/08/2026;CAMILA;Faturado;CRATEUS;ENTREGUE;RETIRADA;R$ 315,00;1;"22931 - PISO KARINA REF. 75032 ""A"" 75 X 75 RET POLIDO BLACK GOLD (4,46 MT)"
L12609408;17/08/2026;LEONARDO;Faturado;CRATEUS;ENTREGUE;RETIRADA;R$ 100,63;1;"23662 - REV. KARINA REF. 21024 ""A"" 20 X 120 MONTEVERDE RET (1,68 MT)"
L12609409;17/08/2026;MASCILON;Faturado;CRATEUS;ENTREGUE;RETIRADA;R$ 622,48;2;"20095 - PISO CERBRAS VERONA POLIDO HD 75 X 75 ""A"" (9,16 MT) | 12532 - ARGAMASSA ACIII QUARTZOLIT-15KG (2,00 UN)"
L12609414;17/08/2026;LIMA;Faturado;CRATEUS;ENTREGUE;RETIRADA;R$ 650,00;3;"21243 - PISO CERBRAS IPANEMA BEGE 46 X 46 ""A"" (18,40 MT) | 15624 - REJ QUARTZOLIT CZ PLATINA - 1KG (3,00 UN) | 14557 - ARGAMASSA COZINHAS / BANHEIROS 15KG QUARTZOLIT (10,00 UN)"
L12609420;17/08/2026;LEONARDO;Faturado;IPAPORANGA;ENTREGUE;URGENTE;R$ 308,90;1;21919 - SOPRADOR GARTHEN GSF-2000 - DE FOLHAS 2000W 220V (1,00 UN)
L12609422;17/08/2026;MASCILON;Faturado;PORANGA;ENTREGUE;NORMAL;R$ 884,00;3;22914 - REV. CARMELO FIOR MENFI GRIGIO PLUS 38 X 75MM A (18,00 MT) | 14900 - ARGAMASSA VARANDAS E QUINTAIS 15KG QUARTZOLIT (9,00 UN) | 15624 - REJ QUARTZOLIT CZ PLATINA - 1KG (3,00 UN)
L12609428;17/08/2026;LIMA;Faturado;CRATEUS;ENTREGUE;RETIRADA;R$ 59,75;1;"21246 - PISO CERBRAS IPANEMA CINZA 46 X 46 ""A"" (2,30 MT)"
L12609430;17/08/2026;LIMA;Faturado;CRATEUS;ENTREGUE;NORMAL;R$ 1.458,36;3;14900 - ARGAMASSA VARANDAS E QUINTAIS 15KG QUARTZOLIT (15,00 UN) | 15624 - REJ QUARTZOLIT CZ PLATINA - 1KG (7,00 UN) | 24606 - PISO POINTER GIOIA ORO 60 X 60 BR REF. 21211 (30,36 MT)
L12609431;17/08/2026;MASCILON;Faturado;CRATEUS;ENTREGUE;NORMAL;R$ 222,00;2;"22934 - REV. KARINA REF. 21003 ""A"" 20 X 120 CARVALHO CANELA RET H (3,36 MT) | 17708 - ESPACADOR CORTAG NIVELADOR SLIM 1,5MM VERMELHO (2,00 UN)"
L12609432;17/08/2026;MASCILON;Faturado;CRATEUS;ENTREGUE;RETIRADA;R$ 3.216,64;10;"21102 - PENDENTE NITROLUX NTL-004 3W 3 EM 1 (3,00 UN) | 17708 - ESPACADOR CORTAG NIVELADOR SLIM 1,5MM VERMELHO (10,00 UN) | 13697 - VALVULA POLYFORT P/LAVAT BRANCA (1,00 UN) | 17400 - CUNHA CORTAG SLIM PARA NIVELAMENTO (3,00 UN) | 21958 - TANQUE FORTMAMORE BABY 54 X 41 LUXO BLACK (1,00 UN) | 14900 - ARGAMASSA VARANDAS E QUINTAIS 15KG QUARTZOLIT (65,00 UN) | 13482 - PISO CERBRAS ATENAS CZ 57 X 57 ""A"" (12,95 MT) | 9140 - DUCHA LORENZETTI ELET. DUO SHOWER QUAD. MULTITEMP (1,00 UN) | 7792 - SIFAO ASTRA SANF SIMPLES UNIVERSAL PLAST BCO (1,00 UN) | 21683 - TORN. BELLARENZO 1167 COZ ME B M ALTA C-70 B GOURMET 1/4 (1,00 UN)"
L12609439;17/08/2026;CAMILA;Faturado;CRATEUS;ENTREGUE;RETIRADA;R$ 209,00;2;"22934 - REV. KARINA REF. 21003 ""A"" 20 X 120 CARVALHO CANELA RET H (3,36 MT) | 6794 - REJ MARROM TABACO QUARTZOLIT - 1KG (1,00 KG)"
L12609442;17/08/2026;CAMILA;Faturado;INDEPENDENCIA;ENTREGUE;NORMAL;R$ 200,00;1;22560 - PISO CARMELO FIOR MELINDA 57 X 57MM HD A (5,18 MT)
L12609444;17/08/2026;LEONARDO;Faturado;PORANGA;ENTREGUE;NORMAL;R$ 945,00;2;"24287 - PISO KARINA REF. 68027 ""A"" 60 X 120 RET POLIDO CLIPSE ORO (10,90 MT) | 12532 - ARGAMASSA ACIII QUARTZOLIT-15KG (5,00 UN)"
L12609446;17/08/2026;LIMA;Faturado;CRATEUS;ENTREGUE;NORMAL;R$ 939,43;3;"24608 - PISO CERBRAS ITATIAIA HD 46 X 46 ""A"" (20,70 MT) | 14900 - ARGAMASSA VARANDAS E QUINTAIS 15KG QUARTZOLIT (9,00 UN) | 15624 - REJ QUARTZOLIT CZ PLATINA - 1KG (4,00 UN)"
L12609453;17/08/2026;LIMA;Faturado;CRATEUS;ENTREGUE;RETIRADA;R$ 143,80;1;20883 - PISO CERBRAS SOHO GRAPHITE MATTE HD 70x70 A cx 2,00m2 (2,00 M2)
L8507243;17/08/2026;GEICI;Faturado;NOVO ORIENTE;ENTREGUE;URGENTE;R$ 5.180,00;4;"16582 - PORC. CERBRAS QUEBEC MATE 70 X 70 ""A"" (30,00 MT) | 15624 - REJ QUARTZOLIT CZ PLATINA - 1KG (11,00 UN) | 12532 - ARGAMASSA ACIII QUARTZOLIT-15KG (30,00 UN) | 16186 - PORC. ZEUS POLIDO 70 X 70 ""A"" CERBRAS (26,00 MT)"
L8507246;17/08/2026;GEICI;Faturado;CRATEUS;ENTREGUE;NORMAL;R$ 1.107,00;1;12532 - ARGAMASSA ACIII QUARTZOLIT-15KG (30,00 UN)
L8507254;17/08/2026;GEICI;Faturado;INDEPENDENCIA;ENTREGUE;NORMAL;R$ 1.437,00;3;15624 - REJ QUARTZOLIT CZ PLATINA - 1KG (5,00 UN) | 12532 - ARGAMASSA ACIII QUARTZOLIT-15KG (14,00 UN) | 24718 - PISO POINTER ONIX OURO 60 X 60 BR REF. 207730 (25,30 MT)
L8507257;17/08/2026;GEICI;Faturado;INDEPENDENCIA;ENTREGUE;NORMAL;R$ 2.183,00;2;"21243 - PISO CERBRAS IPANEMA BEGE 46 X 46 ""A"" (73,60 MT) | 23387 - PISO KARINA RET. 69011 ""A"" 61 X 121 FILETO CANELA ESM (4,40 MT)"
L8507259;17/08/2026;GEICI;Faturado;INDEPENDENCIA;ENTREGUE;NORMAL;R$ 585,00;1;"7338 - PISO CERBRAS PARATI HD 46 X 46 ""A"" (18,40 MT)"
L8507260;17/08/2026;GEICI;Faturado;CRATEUS;ENTREGUE;NORMAL;R$ 1.626,92;1;23457 - PISO POINTER NEO CIMENTO CINZA RET 59,5 X 59,5 MATE REF.2 (36,90 MT)
L8507261;17/08/2026;KAYLLANE;Faturado;CRATEUS;ENTREGUE;CARRO HORARIO;R$ 130,00;3;3426 - CANO KRONA AGUA SOLD 25MM (30,00 MT) | 3777 - LUVA KRONA SOLD 25MM (5,00 UN) | 7070 - JOELHO KRONA 90º SOLD 25MM (1,00 UN)
L12609454;18/08/2026;CAMILA;Faturado;CRATEUS;ENTREGUE;URGENTE;R$ 1.400,00;1;"22931 - PISO KARINA REF. 75032 ""A"" 75 X 75 RET POLIDO BLACK GOLD (20,07 MT)"
L12609462;18/08/2026;MASCILON;Faturado;CRATEUS;ENTREGUE;NORMAL;R$ 311,24;2;"20095 - PISO CERBRAS VERONA POLIDO HD 75 X 75 ""A"" (4,58 MT) | 12532 - ARGAMASSA ACIII QUARTZOLIT-15KG (1,00 UN)"
L12609468;18/08/2026;NOBRE LAR VAREJ;Faturado;CRATEUS;ENTREGUE;NORMAL;R$ 3.752,00;1;21503 - CIMENTO POTY TODAS OBRAS 50KG (80,00 UN)
L12609469;18/08/2026;MASCILON;Faturado;CRATEUS;ENTREGUE;NORMAL;R$ 251,60;14;10252 - JOELHO KRONA 90º C/BUCHA LATAO 25 X 1/2 (1,00 UN) | 5750 - PLUG KRONA ROSCAVEL 1/2 BRANCO (1,00 UN) | 7152 - BUCHA KRONA RED SOLD LONGA 40 X 25MM (1,00 UN) | 3908 - TORN. BOIA ASTRA 1/2 E 3/4 HASTE ALUMINIO (1,00 UN) | 3741 - REG KRONA ESF. SOLD 40MM (1,00 UN) | 8494 - ADESIVO POLYTUBES 75G PARA TUBOD (1,00 UN) | 3698 - LUVA KRONA SOLD 40MM (1,00 UN) | 3426 - CANO KRONA AGUA SOLD 25MM (24,00 MT) | 13383 - FITA VEDA ROSCA PULVITEC 18MM X 50M (1,00 UN) | 5720 - TEE KRONA SOLD 25MM (2,00 UN) | 7070 - JOELHO KRONA 90º SOLD 25MM (5,00 UN) | 12544 - CANO KRONA AGUA SOLD 40MM (2,00 MT) | 18354 - ASSENTO ASTRA MISTO (1,00 UN) | 15441 - REG KRONA ESF. SOLD 25MM (1,00 UN)
L12609473;18/08/2026;CAMILA;Faturado;CRATEUS;ENTREGUE;NORMAL;R$ 231,00;4;10440 - TOMADA TRAMONTINA 2P+T 10A/250V ARIA BRANCA (1,00 UN) | 16699 - TOMADA TRAMONTINA INT SIMPLES 6A + TOM 2P + T 10A ARIA (1,00 UN) | 22388 - PORC. ELIZABETH PALHA BRANCO 60 X 120 A RET ESM ACET (1,44 MT) | 24477 - LAMP. GOREMI LED G9 12W BQ (3,00 UN)
L12609475;18/08/2026;LIMA;Faturado;CRATEUS;ENTREGUE;NORMAL;R$ 957,77;2;"21246 - PISO CERBRAS IPANEMA CINZA 46 X 46 ""A"" (25,30 MT) | 14900 - ARGAMASSA VARANDAS E QUINTAIS 15KG QUARTZOLIT (11,00 UN)"
L12609476;18/08/2026;CAMILA;Faturado;REALEJO;ENTREGUE;NORMAL;R$ 3.140,76;6;"24746 - PISO KARINA REF. 67019 ""A"" 60 X 60 LUMINE GOLD ESM (7,44 MT) | 17267 - PORC. CERBRAS OLIMPO POLIDO 70 X 70 ""A"" (22,00 MT) | 15624 - REJ QUARTZOLIT CZ PLATINA - 1KG (1,00 UN) | 19719 - REJUNTE QUARTZOLIT PORCELANATO CINZA ARTICO 1KG (3,00 UN) | 12532 - ARGAMASSA ACIII QUARTZOLIT-15KG (17,00 UN) | 19154 - PORC. CERBRAS OLIMPO MATE 70 X 70 ""A"" (6,00 MT)"
L12609481;18/08/2026;MASCILON;Faturado;CRATEUS;ENTREGUE;URGENTE;R$ 167,10;5;"10316 - LATEX PEROLA 3,6L FORTMAIS (1,00 UN) | 4545 - LIXA ATLAS P/ MASSA 120 (1,00 UN) | 21243 - PISO CERBRAS IPANEMA BEGE 46 X 46 ""A"" (4,60 MT) | 17250 - REJ QUARTZOLIT BEGE - 1KG (1,00 UN) | 14557 - ARGAMASSA COZINHAS / BANHEIROS 15KG QUARTZOLIT (2,00 UN)"
L12609482;18/08/2026;CAMILA;Faturado;CRATEUS;ENTREGUE;RETIRADA;R$ 319,00;1;15636 - SUPERGRAUTE QUARTZOLIT 25KG (4,00 UN)
L12609484;18/08/2026;MASCILON;Faturado;CRATEUS;ENTREGUE;RETIRADA;R$ 788,29;2;"12532 - ARGAMASSA ACIII QUARTZOLIT-15KG (5,00 UN) | 23662 - REV. KARINA REF. 21024 ""A"" 20 X 120 MONTEVERDE RET (10,08 MT)"
L12609487;18/08/2026;CAMILA;Faturado;INDEPENDENCIA;ENTREGUE;URGENTE;R$ 215,00;1;8608 - ARGAMASSA VOTOMASSA ACII 15KG EXTERNA (10,00 UN)
L12609488;18/08/2026;MASCILON;Faturado;CRATEUS;ENTREGUE;NORMAL;R$ 239,00;6;"18520 - PREGO GERDAU 19 X 36 3.1/4 X 9 KG (1,00 UN) | 24287 - PISO KARINA REF. 68027 ""A"" 60 X 120 RET POLIDO CLIPSE ORO (2,18 MT) | 20842 - FITA 3M ISOLANTE IMPERIAL SLIM 18MM X 10M (1,00 UN) | 14900 - ARGAMASSA VARANDAS E QUINTAIS 15KG QUARTZOLIT (1,00 UN) | 24710 - LUVA WORKER PU PRETA WK29 POLIESTER TAM 8 M (2,00 UN) | 19721 - TORN. VIQUA MESA BICA MOVEL COZINHA MARUJA PRETA (1,00 UN)"
L12609491;18/08/2026;LEONARDO;Faturado;IPAPORANGA;ENTREGUE;URGENTE;R$ 1.149,80;3;"16582 - PORC. CERBRAS QUEBEC MATE 70 X 70 ""A"" (14,00 MT) | 20201 - ARGAMASSA PISO SOBRE PISO EXTERNO CINZA 15KG QUARTZOLIT (7,00 UN) | 11906 - REJUNTE QUARTZOLIT P/PORCELANATO CZ PLATINA 1KG FD (1,00)"
L12609492;18/08/2026;CAMILA;Faturado;BURITI DOS MONTES;ENTREGUE;NORMAL;R$ 22.976,00;10;"18965 - PORC. CERBRAS NETUNO GRIS POLIDO HD 70 X 70 A (44,00 MT) | 22000 - PORC. CERBRAS NETUNO GRIS MATTE HD 70 X 70 A (14,00 MT) | 16580 - PORC. CERBRAS ZEUS MATE 70 X 70 ""A"" (42,00 MT) | 19719 - REJUNTE QUARTZOLIT PORCELANATO CINZA ARTICO 1KG (20,00 UN) | 22765 - REV. KARINA 68017 MACCHIA ORO 60 X 120 RET POLIDO (6,54 MT) | 12532 - ARGAMASSA ACIII QUARTZOLIT-15KG (122,00 UN) | 16186 - PORC. ZEUS POLIDO 70 X 70 ""A"" CERBRAS (124,00 MT) | 23107 - PISO KARINA RET REF. 68006 ""A"" 60 X 120 OMBRA DI CARVAGGI (6,54 MT) | 22687 - PISO KARINA RET REF. 68016 ""A"" 60 X 120 POLIDO GOLD RIVER (8,72 MT) | 11906 - REJUNTE QUARTZOLIT P/PORCELANATO CZ PLATINA 1KG FD (10,00)"
L12609505;18/08/2026;MASCILON;Faturado;TAMBORIL;ENTREGUE;URGENTE;R$ 1.180,41;1;"14604 - PISO CERBRAS LUMINATTO BG POLIDO 56 X 56 ""A"" (21,90 MT)"
L12609506;18/08/2026;LIMA;Faturado;CRATEUS;CANCELADO;NORMAL;R$ 55,00;1;19618 - ARMARIO HERC P/ BANHEIRO TIVOLI BRANCO (1,00 UN)
L12609507;18/08/2026;LIMA;Faturado;CRATEUS;ENTREGUE;NORMAL;R$ 663,30;3;4545 - LIXA ATLAS P/ MASSA 120 (10,00 UN) | 17170 - LATEX FORTEX BRANCO GELO 15L FORTMAIS (2,00 UN) | 24404 - IMPERMEABILIZANTE BFM ACRILICO 3XR VEDABEM 18KG - BRANCO (1,00 UN)
L12609509;18/08/2026;LIMA;Faturado;CRATEUS;ENTREGUE;URGENTE;R$ 668,89;8;21503 - CIMENTO POTY TODAS OBRAS 50KG (1,00 UN) | 17875 - TINTA FORTCRYL AREIA 15L FORTEX (1,00 UN) | 17329 - LATEX AREIA 15L FORTMAIS FORTEX (1,00 UN) | 12274 - COLA TEKBOND INSTANTANEA 793 20G (1,00 UN) | 17198 - LATEX FORTEX BRANCO NEVE 15L FORTMAIS (1,00 UN) | 6159 - MASSA CORRIDA 25Kg FORTEX (1,00 UN) | 10306 - TINTA FORTCRYL CAMURÇA 3,6L FORTEX (1,00 UN) | 14557 - ARGAMASSA COZINHAS / BANHEIROS 15KG QUARTZOLIT (1,00 UN)
L12609510;18/08/2026;MASCILON;Faturado;CRATEUS;ENTREGUE;RETIRADA;R$ 304,92;1;19633 - PORC. DELTA PULPIS GRAFITE ESMAL POLIDO RET 84 X 84 A (2,80 MT)
L12609538;18/08/2026;LEONARDO;Faturado;CRATEUS;ENTREGUE;RETIRADA;R$ 53,22;1;"24287 - PISO KARINA REF. 68027 ""A"" 60 X 120 RET POLIDO CLIPSE ORO (0,73 MT)"
L12609542;18/08/2026;LEONARDO;Faturado;CRATEUS;ENTREGUE;URGENTE;R$ 183,30;2;16196 - REJUNTE QUARTZOLIT PORCELANATO PRETO GRAFIT 1KG (1,00 UN) | 20201 - ARGAMASSA PISO SOBRE PISO EXTERNO CINZA 15KG QUARTZOLIT (6,00 UN)
L12609547;18/08/2026;CAMILA;Faturado;MONTE NEBO;ENTREGUE;CARRO HORARIO;R$ 1.224,25;9;"15179 - ENGATE KRONA 50CM (1,00 UN) | 14186 - SIFAO KRONA SIMPLES BRANCO (1,00 UN) | 11641 - TORN. LORENZETTI COZ. MESA BICA MOVEL WAY 7011200 (1,00 UN) | 5625 - PIA GHELPLUS INOX 1,50MT (1,00 UN) | 21243 - PISO CERBRAS IPANEMA BEGE 46 X 46 ""A"" (11,50 MT) | 8312 - VALVULA GHEL PLUS INOX 3. 1/2 (1,00 UN) | 14900 - ARGAMASSA VARANDAS E QUINTAIS 15KG QUARTZOLIT (5,00 UN) | 12184 - CX. DAGUA BAKOF 500L C/TMP (1,00 UN) | 17250 - REJ QUARTZOLIT BEGE - 1KG (2,00 UN)"
L12609552;18/08/2026;LIMA;Faturado;CRATEUS;ENTREGUE;RETIRADA;R$ 875,00;5;"21243 - PISO CERBRAS IPANEMA BEGE 46 X 46 ""A"" (18,40 MT) | 14901 - ARGAMASSA PORC E PISO S/ PISO INT CINZA 15KG QUARTZOLIT (10,00 UN) | 15252 - CHAPIX PVA GALAO 3,6L QUARTZOLIT (1,00 UN) | 15624 - REJ QUARTZOLIT CZ PLATINA - 1KG (4,00 UN) | 4916 - ESPAÇADOR GRAP 3,0MM REF. 1203 (1,00 UN)"
L12609555;18/08/2026;CAMILA;Faturado;CRATEUS;ENTREGUE;NORMAL;R$ 1.210,99;12;"8236 - ANEL JAPI DE VEDAÇAO COM GUIA P/ VASO SANIT (1,00 UN) | 15194 - ENGATE KRONA 60CM (1,00 UN) | 5648 - CONJ CELITE ACOP SAVEIRO BRANCO (1,00 UN) | 21810 - PISO KARINA ONIX BLACK RET REF. 75027 ""A"" 75 X 75 (4,46 MT) | 16580 - PORC. CERBRAS ZEUS MATE 70 X 70 ""A"" (2,00 MT) | 5815 - REJ PRETO GRAFITE QUARTZOLIT-1Kg (1,00 KG) | 14900 - ARGAMASSA VARANDAS E QUINTAIS 15KG QUARTZOLIT (5,00 UN) | 13540 - DUCHA FLUX HIGIENICA CROMADA (1,00 UN) | 19719 - REJUNTE QUARTZOLIT PORCELANATO CINZA ARTICO 1KG (1,00 UN) | 13635 - ASSENTO HERC ALMOF PRIME BR 2385 (1,00 UN) | 23988 - PARAFUSO EUROFIX P/ SANIT B-10 LATONADO C/ 02 (1,00 UN) | 24734 - DUCHA CIDAX HIGIENICA BRANCA (1,00 UN)"
L12609558;18/08/2026;CAMILA;Faturado;CRATEUS;ENTREGUE;NORMAL;R$ 99,98;1;21503 - CIMENTO POTY TODAS OBRAS 50KG (2,00 UN)
L12609565;18/08/2026;MASCILON;Faturado;CRATEUS;ENTREGUE;RETIRADA;R$ 59,75;1;"21243 - PISO CERBRAS IPANEMA BEGE 46 X 46 ""A"" (2,30 MT)"
L8507265;18/08/2026;KAYLLANE;Faturado;REALEJO;ENTREGUE;RETIRADA;R$ 61,00;1;17743 - TINTA FORTCRYL AMAR. CANARIO 3,6L FORTEX (1,00 UN)
L8507268;18/08/2026;GEICI;Faturado;INDEPENDENCIA;ENTREGUE;NORMAL;R$ 1.415,00;1;20523 - PISO CERBRAS VENEZIA GRIS POLIDO HD 75 X 75 A (20,25 MT)
L8507269;18/08/2026;GEICI;Faturado;CRATEUS;ENTREGUE;URGENTE;R$ 1.082,00;3;"8608 - ARGAMASSA VOTOMASSA ACII 15KG EXTERNA (12,00 UN) | 7338 - PISO CERBRAS PARATI HD 46 X 46 ""A"" (25,30 MT) | 15624 - REJ QUARTZOLIT CZ PLATINA - 1KG (3,00 UN)"
L8507276;18/08/2026;KAYLLANE;Faturado;CRATEUS;ENTREGUE;NORMAL;R$ 284,90;1;12184 - CX. DAGUA BAKOF 500L C/TMP (1,00 UN)
L12609264;19/08/2026;MASCILON;Faturado;CRATEUS;ENTREGUE;NORMAL;R$ 8.387,65;17;22151 - TORN. BELLARENZO 1130 CHAVETA AMARE1/2 X 3/4 C/ BICO PLAS (5,00 UN) | 15543 - TORN. COZ MESA RGOL 1167 F71 RG LORENZETTI (1,00 UN) | 20675 - KIT BELLARENZO STANDER BELLARENZO (9,00 UN) | 14315 - TORN. VIQUA COZINHA PAREDE BICA MOVEL BRANCA (7,00 UN) | 20990 - JAN QUALITY COR 2F 1,00 X 1,00 VIDRO LISO BRANCA (4,00 UN) | 15194 - ENGATE KRONA 60CM (5,00 UN) | 13697 - VALVULA POLYFORT P/LAVAT BRANCA (7,00 UN) | 5627 - PIA GHELPLUS INOX 1,00MT (6,00 UN) | 15046 - ANUNCIADOR DE PRESENCA ENERBRAS (6,00 UN) | 8312 - VALVULA GHEL PLUS INOX 3. 1/2 (6,00 UN) | 20938 - PORTA METALFLEX POSTIGO SPP 080 X 210 VL BRANCA DIR (2,00 UN) | 20937 - PORTA METALFLEX POSTIGO SPP 080 X 210 VL BRANCA ESQ (2,00 UN) | 13540 - DUCHA FLUX HIGIENICA CROMADA (6,00 UN) | 7792 - SIFAO ASTRA SANF SIMPLES UNIVERSAL PLAST BCO (13,00 UN) | 23098 - PORTA STANDARD GIRO UV MOGNO F3 BORDA PINTADA 30MM X 900M (2,00 PC) | 18938 - PORTA METALFLEX VENEZIANA SPP 0,70 X 2,10 BRANCA ESQ (1,00 UN) | 21961 - TANQUE FORTMAMORE N1 53 X 51 CM ESPECIAL GRAFITE (5,00 UN)
L12609504;19/08/2026;LIMA;Faturado;CRATEUS;ENTREGUE;NORMAL;;2;14900 - ARGAMASSA VARANDAS E QUINTAIS 15KG QUARTZOLIT (11,00 UN) | 24606 - PISO POINTER GIOIA ORO 60 X 60 BR REF. 21211 (20,24 MT)
L12609567;19/08/2026;MASCILON;Faturado;CRATEUS;ENTREGUE;NORMAL;R$ 821,30;3;20763 - BOTA WORK COTURNO CAD PRETO PR (1,00) | 21503 - CIMENTO POTY TODAS OBRAS 50KG (1,00 UN) | 20937 - PORTA METALFLEX POSTIGO SPP 080 X 210 VL BRANCA ESQ (1,00 UN)
L12609568;19/08/2026;LEONARDO;Faturado;CRATEUS;ENTREGUE;RETIRADA;R$ 634,53;3;17156 - REJ MARROM CAFÉ QUARTZOLIT - 1KG (4,00 UN) | 11812 - PISO CERBRAS IPU MOGNO HD 46 X 46 'A' (13,80 MT) | 14900 - ARGAMASSA VARANDAS E QUINTAIS 15KG QUARTZOLIT (7,00 UN)
L12609571;19/08/2026;MASCILON;Faturado;CRATEUS;ENTREGUE;CARRO HORARIO;R$ 242,60;2;3011 - CAIXA TRAMONTINA EMBUTIR 4 X 2 AMARELA (2,00 UN) | 20921 - ESPACADOR CORTAG NIVELADOR 1,5MM ECO VERMELHO (1.500,00 UN)
L12609572;19/08/2026;LEONARDO;Faturado;CRATEUS;ENTREGUE;RETIRADA;R$ 270,00;1;24590 - PISO CERBRAS LUMINATO BLANCO POLIDO 75 X 75 A (4,50 MT)
L12609579;19/08/2026;LIMA;Faturado;CRATEUS;ENTREGUE;NORMAL;R$ 124,64;3;"21503 - CIMENTO POTY TODAS OBRAS 50KG (1,00 UN) | 21246 - PISO CERBRAS IPANEMA CINZA 46 X 46 ""A"" (2,30 MT) | 14557 - ARGAMASSA COZINHAS / BANHEIROS 15KG QUARTZOLIT (1,00 UN)"
L12609584;19/08/2026;MASCILON;Faturado;CRATEUS;ENTREGUE;NORMAL;R$ 643,99;4;"22028 - GRELHA BELLARENZO INOX P/ CAIXA SIF 10 X 10 (1,00 UN) | 21246 - PISO CERBRAS IPANEMA CINZA 46 X 46 ""A"" (20,70 MT) | 15624 - REJ QUARTZOLIT CZ PLATINA - 1KG (1,00 UN) | 14557 - ARGAMASSA COZINHAS / BANHEIROS 15KG QUARTZOLIT (6,00 UN)"
L12609593;19/08/2026;LEONARDO;Faturado;CRATEUS;ENTREGUE;NORMAL;R$ 835,17;3;"6875 - REJ PALHA QUARTZOLIT - 1KG (4,00 UN) | 14900 - ARGAMASSA VARANDAS E QUINTAIS 15KG QUARTZOLIT (13,00 UN) | 21532 - PISO CERBRAS IPANEMA BEGE 46 X 46 ""C"" (25,30 MT)"
L12609598;19/08/2026;MASCILON;Faturado;CRATEUS;ENTREGUE;RETIRADA;R$ 75,67;1;"12890 - PISO CERBRAS IPU MARFIM HD 46 X 46 ""A"" (2,30 MT)"
L12609601;19/08/2026;LIMA;Faturado;CRATEUS;ENTREGUE;NORMAL;R$ 2.005,00;2;5791 - REV. TECNOGRES 10 X 10 REF. 10160 AZ. CLARO (18,72 MT) | 22350 - PORTA QUALITY POST LAMBRI PRIME PT LISO L/E L 0,80 X A 2, (1,00 UN)
L12609607;19/08/2026;MASCILON;Faturado;CRATEUS;ENTREGUE;NORMAL;R$ 405,95;3;"8608 - ARGAMASSA VOTOMASSA ACII 15KG EXTERNA (15,00 UN) | 21243 - PISO CERBRAS IPANEMA BEGE 46 X 46 ""A"" (2,30 MT) | 15624 - REJ QUARTZOLIT CZ PLATINA - 1KG (3,00 UN)"
L12609609;19/08/2026;MASCILON;Faturado;CRATEUS;ENTREGUE;NORMAL;R$ 463,97;3;"21246 - PISO CERBRAS IPANEMA CINZA 46 X 46 ""A"" (11,50 MT) | 14900 - ARGAMASSA VARANDAS E QUINTAIS 15KG QUARTZOLIT (6,00 UN) | 15624 - REJ QUARTZOLIT CZ PLATINA - 1KG (2,00 UN)"
L12609611;19/08/2026;CAMILA;Faturado;CRATEUS;ENTREGUE;NORMAL;R$ 204,00;1;20016 - REFLETOR BLUMENAU PLAY ALUM 150W B-VOLT LED 6.500K 781506 (3,00 UN)
L12609619;19/08/2026;LEONARDO;Faturado;CRATEUS;ENTREGUE;NORMAL;R$ 535,99;8;"8950 - TRINCHA ATLAS ""2"" CABO MARROM (1,00 UN) | 6875 - REJ PALHA QUARTZOLIT - 1KG (1,00 UN) | 9028 - GARFO ATLAS C/ BUCHAS SR 23CM (1,00 UN) | 23886 - PISO POINTER INFINITA BEGE 60 X 60 BR REF. 208943 (5,06 MT) | 20201 - ARGAMASSA PISO SOBRE PISO EXTERNO CINZA 15KG QUARTZOLIT (3,00 UN) | 8983 - ROLO ATLAS ANTI GOTA 23CM (1,00 UN) | 24250 - PANO ALKLIN PIA ESTAMPADO 25 X 25 P EMB EC (1,00 UN) | 17746 - TINTA FORTCRYL BRANCO NEVE 3,6L FORTEX (3,00 UN)"
L12609623;19/08/2026;LEONARDO;Faturado;CRATEUS;ENTREGUE;RETIRADA;R$ 1.740,00;6;22560 - PISO CARMELO FIOR MELINDA 57 X 57MM HD A (23,31 MT) | 15171 - ENGATE KRONA 40CM (1,00 UN) | 14900 - ARGAMASSA VARANDAS E QUINTAIS 15KG QUARTZOLIT (11,00 UN) | 23988 - PARAFUSO EUROFIX P/ SANIT B-10 LATONADO C/ 02 (1,00 UN) | 20100 - ARMARIO HERC P/ BANHEIRO TIVOLI CINZA (1,00 PEC) | 5653 - CONJ CELITE SAVEIRO OCRE 6L CARAMELO (1,00 UN)
L12609624;19/08/2026;NOBRE LAR VAREJ;Faturado;CRATEUS;ENTREGUE;NORMAL;R$ 2.345,00;1;21503 - CIMENTO POTY TODAS OBRAS 50KG (50,00 UN)
L12609625;19/08/2026;CAMILA;Faturado;CRATEUS;ENTREGUE;NORMAL;R$ 970,00;4;24655 - TORN. 1167 COZ PA B M ALTA ACAB.C-61CANO 5/8 - B GOURMET (1,00 UN) | 20937 - PORTA METALFLEX POSTIGO SPP 080 X 210 VL BRANCA ESQ (1,00 UN) | 17634 - FITA NOVAFLON VEDA ROSCA 50M X 18MM (1,00 UN) | 23189 - JAN METALFLEX TROPICAL VENEZIANA 2F 100 X 100 BRANCA (1,00 UN)
L12609626;19/08/2026;CAMILA;Faturado;CRATEUS;ENTREGUE;NORMAL;R$ 399,76;1;21503 - CIMENTO POTY TODAS OBRAS 50KG (8,00 UN)
L12609627;19/08/2026;CAMILA;Faturado;IPAPORANGA;ENTREGUE;RETIRADA;R$ 290,00;1;"12890 - PISO CERBRAS IPU MARFIM HD 46 X 46 ""A"" (9,20 MT)"
L12609628;19/08/2026;LEONARDO;Faturado;CRATEUS;ENTREGUE;RETIRADA;R$ 154,44;3;7366 - PISO CERBRAS AURORA BR 46 X 46 ''C'' (4,60 MT) | 14900 - ARGAMASSA VARANDAS E QUINTAIS 15KG QUARTZOLIT (2,00 UN) | 15624 - REJ QUARTZOLIT CZ PLATINA - 1KG (1,00 UN)
L12609634;19/08/2026;LIMA;Faturado;CRATEUS;ENTREGUE;NORMAL;R$ 2.470,00;3;"21243 - PISO CERBRAS IPANEMA BEGE 46 X 46 ""A"" (71,30 MT) | 11479 - REJUNTE VOTOMASSA CZ PLATINA 1KG (15,00 UN) | 14557 - ARGAMASSA COZINHAS / BANHEIROS 15KG QUARTZOLIT (35,00 UN)"
L12609636;19/08/2026;LEONARDO;Faturado;CRATEUS;ENTREGUE;NORMAL;R$ 933,74;3;"14900 - ARGAMASSA VARANDAS E QUINTAIS 15KG QUARTZOLIT (13,00 UN) | 15624 - REJ QUARTZOLIT CZ PLATINA - 1KG (4,00 UN) | 7319 - PISO CERBRAS CRISTAL 46 X 46 ""C"" (27,60 MT)"
L12609639;19/08/2026;CAMILA;Faturado;INDEPENDENCIA;ENTREGUE;NORMAL;R$ 1.467,00;2;"14901 - ARGAMASSA PORC E PISO S/ PISO INT CINZA 15KG QUARTZOLIT (10,00 UN) | 19131 - PORC. ICARO MATE HD 70 X 70 ""A"" CERBRAS (20,00 MT)"
L12609642;19/08/2026;LEONARDO;Faturado;CRATEUS;ENTREGUE;NORMAL;R$ 76,32;2;13697 - VALVULA POLYFORT P/LAVAT BRANCA (1,00 UN) | 6153 - PISO CERBRAS ARARIPE CZ 46 X 46 ''A'' (2,30 MT)
L8507287;19/08/2026;GEICI;Faturado;CRATEUS;ENTREGUE;URGENTE;R$ 496,00;3;"8608 - ARGAMASSA VOTOMASSA ACII 15KG EXTERNA (6,00 UN) | 11479 - REJUNTE VOTOMASSA CZ PLATINA 1KG (2,00 UN) | 21246 - PISO CERBRAS IPANEMA CINZA 46 X 46 ""A"" (13,80 MT)"
L8507288;19/08/2026;KAYLLANE;Faturado;CRATEUS;ENTREGUE;CARRO HORARIO;R$ 153,90;1;23990 - CARRINHO DE MAO MAESTRO CHAPA 3,25 X 8 PRETO 45LT (1,00 UN)
L8507289;19/08/2026;KAYLLANE;Faturado;CRATEUS;ENTREGUE;URGENTE;R$ 126,90;1;21276 - PORTA NOVAFORMA PVC 60CM CINZA (1,00 UN)
L8507293;19/08/2026;KAYLLANE;Faturado;CRATEUS;ENTREGUE;NORMAL;R$ 923,22;2;"11773 - PISO CERBRAS AURORA BR 46 X 46 ""A"" (13,80 MT) | 11773 - PISO CERBRAS AURORA BR 46 X 46 ""A"" (13,80 MT)"
L12609585;20/08/2026;NOBRE LAR VAREJ;Faturado;CRATEUS;ENTREGUE;NORMAL;R$ 999,40;1;21503 - CIMENTO POTY TODAS OBRAS 50KG (20,00 UN)
L12609635;20/08/2026;MASCILON;Faturado;CRATEUS;ENTREGUE;URGENTE;R$ 169,50;2;"24287 - PISO KARINA REF. 68027 ""A"" 60 X 120 RET POLIDO CLIPSE ORO (2,18 MT) | 20965 - CANTONEIRA PERFIL METAL EM L 3/4 3M ALUM POLIDA (1,00 UN)"
L12609650;20/08/2026;CAMILA;Faturado;CRATEUS;ENTREGUE;URGENTE;R$ 267,60;1;18965 - PORC. CERBRAS NETUNO GRIS POLIDO HD 70 X 70 A (4,00 MT)
L12609651;20/08/2026;MASCILON;Faturado;CRATEUS;ENTREGUE;RETIRADA;R$ 691,00;15;"9800 - ESPAÇADOR CORTAG JUNTAPISO 2MM 100PÇS (1,00 UN) | 21964 - DESEMPENADEIRA SENIORS PLAST FRISAD 18X30CM AZUL (1,00 UN) | 21243 - PISO CERBRAS IPANEMA BEGE 46 X 46 ""A"" (11,50 MT) | 19841 - REGUA RZ ALUMINIOS BI-TUBULAR 2MT REFORCADA (1,00 UN) | 18175 - LAPIS CARPINTEIRO IRWIN - REF 66305SL CX72 (1,00) | 9026 - ESPATULA ATLAS PLASTICA 13,1CM (1,00 UN) | 3267 - NIVEL IRWIN DE ALUMINIO 406MM 16"" (1,00 UN) | 14900 - ARGAMASSA VARANDAS E QUINTAIS 15KG QUARTZOLIT (6,00 UN) | 8979 - BROXA ATLAS RETANGULAR 18 X 8CM (1,00 UN) | 17250 - REJ QUARTZOLIT BEGE - 1KG (2,00 UN) | 9508 - CHAVE GEDORE FENDA CRUZADA 160- 1/4"" X 8"" (1,00 UN) | 24159 - ESTILETE IRWIN STANDARD 18MM (1,00 UN) | 11504 - TRENA IRWIN STANDARD 5M (1,00 UN) | 13848 - DISCO IRWIN DIAMANTADO LISO 110 X 20MM (1,00 UN) | 19289 - MARTELO CORTAG DE BORRACHA BRANCO 60MM (1,00 UN)"
L12609654;20/08/2026;LEONARDO;Faturado;CRATEUS;ENTREGUE;URGENTE;R$ 828,75;3;22560 - PISO CARMELO FIOR MELINDA 57 X 57MM HD A (15,54 MT) | 17156 - REJ MARROM CAFÉ QUARTZOLIT - 1KG (3,00 UN) | 14900 - ARGAMASSA VARANDAS E QUINTAIS 15KG QUARTZOLIT (8,00 UN)
L12609655;20/08/2026;NOBRE LAR VAREJ;Faturado;CRATEUS;ENTREGUE;NORMAL;R$ 2.814,00;1;21503 - CIMENTO POTY TODAS OBRAS 50KG (60,00 UN)
L12609657;20/08/2026;CAMILA;Faturado;CRATEUS;ENTREGUE;NORMAL;R$ 1.088,14;3;"7366 - PISO CERBRAS AURORA BR 46 X 46 ''C'' (25,30 MT) | 22931 - PISO KARINA REF. 75032 ""A"" 75 X 75 RET POLIDO BLACK GOLD (4,46 MT) | 23101 - PISO KARINA GOLDEN CARBON 60 X 120 A RET POLIDO REF: 6801 (2,18 MT)"
L12609664;20/08/2026;LIMA;Faturado;INDEPENDENCIA;ENTREGUE;NORMAL;R$ 8.760,15;2;"24853 - PORC. CERBRAS TECHNATTO WHITE POLIDO 90 X 90 ""A"" (36,45 MT) | 24853 - PORC. CERBRAS TECHNATTO WHITE POLIDO 90 X 90 ""A"" (63,18 MT)"
L12609665;20/08/2026;CAMILA;Faturado;CRATEUS;ENTREGUE;NORMAL;R$ 410,00;1;13123 - REV. CLASSICO BR 30 X 60 REF:40206 POINTER (11,85 MT)
L12609666;20/08/2026;CAMILA;Faturado;CRATEUS;ENTREGUE;URGENTE;R$ 415,00;1;"23387 - PISO KARINA RET. 69011 ""A"" 61 X 121 FILETO CANELA ESM (6,60 MT)"
L12609667;20/08/2026;LEONARDO;Faturado;CRATEUS;ENTREGUE;URGENTE;R$ 406,21;6;14315 - TORN. VIQUA COZINHA PAREDE BICA MOVEL BRANCA (2,00 UN) | 13697 - VALVULA POLYFORT P/LAVAT BRANCA (1,00 UN) | 8312 - VALVULA GHEL PLUS INOX 3. 1/2 (1,00 UN) | 5549 - PIA GHELPLUS INOX 1,20MT (1,00 UN) | 13067 - LAVAT. FORTMAMORE MEDIO (1,00 UN) | 7792 - SIFAO ASTRA SANF SIMPLES UNIVERSAL PLAST BCO (2,00 UN)
L12609669;20/08/2026;MASCILON;Faturado;CRATEUS;ENTREGUE;URGENTE;R$ 336,49;1;6820 - PISO CERBRAS ARARIPE CZ 46 X 46 ''C'' (16,10 MT)
L12609670;20/08/2026;CAMILA;Faturado;CRATEUS;ENTREGUE;NORMAL;R$ 357,00;1;"21243 - PISO CERBRAS IPANEMA BEGE 46 X 46 ""A"" (13,80 MT)"
L12609673;20/08/2026;LEONARDO;Faturado;CRATEUS;ENTREGUE;URGENTE;R$ 393,90;1;22197 - JAN QUALITY CORRER 2F 1,00 X 1,50 BRANCA VIDRO LISO (1,00 UN)
L12609677;20/08/2026;LIMA;Faturado;CRATEUS;ENTREGUE;NORMAL;R$ 185,00;12;20711 - LAMP. BLUMENAU LED T80 E27 - 30W 2400L 240V 6.500K 033070 (1,00 PC) | 17565 - ELETRODUTO KRONA DE PVC FLEX CORRUGADO 25MM 50MT (5,00 MT) | 13311 - CABO SIL PP FLEX 2 X 1,5MM PRETO (3,00 MT) | 14757 - TOAMADA ROMAZI INT MDL 10A SP+TOM 10A PL 4X2 BR C25 CANOA (1,00 UN) | 3011 - CAIXA TRAMONTINA EMBUTIR 4 X 2 AMARELA (4,00 UN) | 24702 - CABO SIL FLEX 2,5MM AZUL (10,00 MT) | 24703 - CABO SIL FLEX 2,5MM AMARELO (6,00 MT) | 24706 - CABO SIL FLEX 2,5MM VERMELHO (10,00 MT) | 11444 - SOQUETE BLUMENAU BRANCO PORCELANA 250V REF 01130004 (1,00 UN) | 14717 - TOMADA ROMAZI TRIPLA MDL 10A PL 4X2 BR C25 CANOA (1,00 UN) | 23134 - TOMADA ROMAZI 3 TOM 10A 2P+T SOB BR JERI PLUS C20 REF: 19 (1,00 UN) | 14697 - TOMADA ROMAZI DUPLA MDL 10A PL 4X2 BR C25 CANOA (1,00 UN)
L12609679;20/08/2026;MASCILON;Faturado;CRATEUS;ENTREGUE;RETIRADA;R$ 1.239,03;12;15179 - ENGATE KRONA 50CM (2,00 UN) | 8236 - ANEL JAPI DE VEDAÇAO COM GUIA P/ VASO SANIT (1,00 UN) | 5567 - LAVAT. CELITE C/COL SAVERO/ ARIES BCO (1,00 UN) | 13697 - VALVULA POLYFORT P/LAVAT BRANCA (1,00 UN) | 5648 - CONJ CELITE ACOP SAVEIRO BRANCO (1,00 UN) | 7694 - ASSENTO ASTRA SANIT SOFT BR1 (1,00 UN) | 11479 - REJUNTE VOTOMASSA CZ PLATINA 1KG (2,00 UN) | 6820 - PISO CERBRAS ARARIPE CZ 46 X 46 ''C'' (13,80 MT) | 14900 - ARGAMASSA VARANDAS E QUINTAIS 15KG QUARTZOLIT (6,00 UN) | 7792 - SIFAO ASTRA SANF SIMPLES UNIVERSAL PLAST BCO (1,00 UN) | 23988 - PARAFUSO EUROFIX P/ SANIT B-10 LATONADO C/ 02 (2,00 UN) | 12211 - TORN. VIQUA COZINHA MESA BICA MOVEL BRANCA (1,00 UN)
L12609681;20/08/2026;CAMILA;Faturado;CRATEUS;ENTREGUE;RETIRADA;R$ 1.341,60;2;23209 - CORDA COLLINS PET TRANC 6MM 180M BB OURO (10,00 MT) | 12186 - CX. DAGUA BAKOF 2000L C/TMP (1,00 UN)
L12609694;20/08/2026;LEONARDO;Faturado;CRATEUS;ENTREGUE;CARRO HORARIO;R$ 955,24;3;"6875 - REJ PALHA QUARTZOLIT - 1KG (4,00 UN) | 21246 - PISO CERBRAS IPANEMA CINZA 46 X 46 ""A"" (23,00 MT) | 14900 - ARGAMASSA VARANDAS E QUINTAIS 15KG QUARTZOLIT (13,00 UN)"
L12609705;20/08/2026;CAMILA;Faturado;CRATEUS;ENTREGUE;NORMAL;R$ 358,90;3;"8608 - ARGAMASSA VOTOMASSA ACII 15KG EXTERNA (2,00 UN) | 24287 - PISO KARINA REF. 68027 ""A"" 60 X 120 RET POLIDO CLIPSE ORO (4,36 MT) | 11906 - REJUNTE QUARTZOLIT P/PORCELANATO CZ PLATINA 1KG FD (1,00)"
L12609715;20/08/2026;LEONARDO;Faturado;CRATEUS;ENTREGUE;NORMAL;R$ 1.166,00;1;21878 - PORTA MADELAR STAND GIRO UV BRANCA F3 80 X 2,10 COLMEIA (5,00 UN)
L12609716;20/08/2026;CAMILA;Faturado;CRATEUS;ENTREGUE;NORMAL;R$ 4.302,00;1;"21246 - PISO CERBRAS IPANEMA CINZA 46 X 46 ""A"" (165,60 MT)"
L12609724;20/08/2026;MASCILON;Faturado;CRATEUS;ENTREGUE;URGENTE;R$ 1.811,90;4;"16076 - PORC. CERBRAS TECHNATTO CREMA POLIDO 70 X 70 ""A"" (20,00 MT) | 17708 - ESPACADOR CORTAG NIVELADOR SLIM 1,5MM VERMELHO (2,00 UN) | 6738 - REJUNTE QUARTZOLIT PORCELANATO BEGE QUARTZOLIT - 1KG (2,00 UN) | 14901 - ARGAMASSA PORC E PISO S/ PISO INT CINZA 15KG QUARTZOLIT (10,00 UN)"
L12609725;20/08/2026;NOBRE LAR VAREJ;Faturado;CRATEUS;ENTREGUE;NORMAL;R$ 3.752,00;1;21503 - CIMENTO POTY TODAS OBRAS 50KG (80,00 UN)
L12609729;20/08/2026;CAMILA;Faturado;CRATEUS;ENTREGUE;URGENTE;R$ 317,84;1;"24287 - PISO KARINA REF. 68027 ""A"" 60 X 120 RET POLIDO CLIPSE ORO (4,36 MT)"
L12609731;20/08/2026;CAMILA;Faturado;CRATEUS;ENTREGUE;RETIRADA;R$ 403,00;3;8608 - ARGAMASSA VOTOMASSA ACII 15KG EXTERNA (3,00 UN) | 5815 - REJ PRETO GRAFITE QUARTZOLIT-1Kg (1,00 KG) | 23672 - REV. POINTER RET POLARIS 45 X 90 MATE PAREDE REF. 209940 (4,92 MT)
L8507295;20/08/2026;KAYLLANE;Faturado;INDEPENDENCIA;ENTREGUE;URGENTE;R$ 441,49;1;24606 - PISO POINTER GIOIA ORO 60 X 60 BR REF. 21211 (12,65 MT)
L8507298;20/08/2026;GEICI;Faturado;CRATEUS;ENTREGUE;CARRO HORARIO;R$ 253,00;3;8312 - VALVULA GHEL PLUS INOX 3. 1/2 (1,00 UN) | 5549 - PIA GHELPLUS INOX 1,20MT (1,00 UN) | 7792 - SIFAO ASTRA SANF SIMPLES UNIVERSAL PLAST BCO (1,00 UN)
L8507299;20/08/2026;GEICI;Faturado;CRATEUS;ENTREGUE;URGENTE;R$ 300,00;1;15191 - CARRINHO TRAMONTINA RED DE MAO AZUL 50L CHAPA 24 (1,00 UN)
L8507300;20/08/2026;GEICI;Faturado;CRATEUS;ENTREGUE;NORMAL;R$ 1.494,00;2;3792 - TELA COLUNA 8,00MM 7 X 14CM 6M AÇO CEARENSE (7,00 UN) | 21503 - CIMENTO POTY TODAS OBRAS 50KG (20,00 UN)
L8507310;20/08/2026;KAYLLANE;Faturado;CRATEUS;ENTREGUE;NORMAL;R$ 311,69;4;21503 - CIMENTO POTY TODAS OBRAS 50KG (1,00 UN) | 20255 - JAN QUALITY COR NATURAL 2F 100 X 1,00 V CANELADO (1,00 UN) | 14900 - ARGAMASSA VARANDAS E QUINTAIS 15KG QUARTZOLIT (1,00 UN) | 22003 - VITRO QUALITY BASCULANTE BRANCO 2FLS LISO L 0,50 X A 0,50 (1,00 UN)
L12608926;21/08/2026;MASCILON;Faturado;CRATEUS;ENTREGUE;NORMAL;R$ 13.600,00;6;"20665 - PORC. CERBRAS ONYX REALE MATTE HD 70 X 70 A (12,00 MT) | 22931 - PISO KARINA REF. 75032 ""A"" 75 X 75 RET POLIDO BLACK GOLD (11,15 MT) | 5815 - REJ PRETO GRAFITE QUARTZOLIT-1Kg (1,00 KG) | 20180 - PORC. CERBRAS ONYX REALE POLIDO HD 70 X 70 A (100,00 MT) | 12532 - ARGAMASSA ACIII QUARTZOLIT-15KG (65,00 UN) | 11906 - REJUNTE QUARTZOLIT P/PORCELANATO CZ PLATINA 1KG FD (15,00)"
L12608927;21/08/2026;MASCILON;Faturado;CRATEUS;ENTREGUE;NORMAL;R$ 6.113,48;31;13063 - CABO SIL PP FLEX 2 X 2,5MM PRETO (50,00 MT) | 16840 - REFLETOR BLUMENAU LED TECH ALUM. 20W BI-VOLT 6.500K (3,00 UN) | 14755 - TOMADA ROMAZI INT DUPLO MDL SP 10A PL 4X2 BR C25 CANOA (4,00 UN) | 7198 - TANQUE FORTMAMORE FIBRA DUPLO 1,20M CORES/MARCAS DIVERSAS (1,00 UN) | 13082 - CONJ CELITE LIKE BCO ACOP ECOFLUSH COMPLETO (1,00 UN) | 14757 - TOAMADA ROMAZI INT MDL 10A SP+TOM 10A PL 4X2 BR C25 CANOA (2,00 UN) | 23059 - ARANDELA BLUMENAU CLEAN LED ALETADA ABS 6W BI-VOLT 3000K (3,00 UN) | 22507 - LAMP. MAK LED GU10 DICROICA 3000K 4,8W (10,00 UN) | 11039 - DISJUNTOR ENERBRAS DIF RESD BIPOLAR 25A (1,00 UN) | 24617 - DISJUNTOR WEG UNIPOLAR DIN CURVA B 25A 3KA (4,00 UN) | 14081 - PLACA CEGA 4 X 2 DUNAS ROMAZI (3,00 UN) | 23004 - DISJUNTOR WEG UNIPOLAR DIN CURVA B 32A 3KA (2,00 PEC) | 24702 - CABO SIL FLEX 2,5MM AZUL (150,00 MT) | 22296 - SPOT BLUMENAU CLEAN PC QUAD SOB MR16 GU10 PRETO 55451001 (10,00 UN) | 11595 - LIXA ATLAS MANUAL 100 (25,00 UN) | 15157 - SELADOR FORTEX PIG BRANCO NEVE 15L (2,00 UN) | 17198 - LATEX FORTEX BRANCO NEVE 15L FORTMAIS (1,00 UN) | 23779 - PAINEL MAK LED DOB PRETO QUAD SOB 6500K 24W (5,00 UN) | 24706 - CABO SIL FLEX 2,5MM VERMELHO (50,00 MT) | 6159 - MASSA CORRIDA 25Kg FORTEX (1,00 UN) | 15250 - CUBA GHELPLUS INOX N2 PROF.170 POLIDA (1,00 UN) | 4983 - FITA ENERBRAS ISOLANTE 18MM X 20M (3,00 UN) | 24828 - CABO SIL FLEX 2,5MM BRANCO (50,00 MT) | 17170 - LATEX FORTEX BRANCO GELO 15L FORTMAIS (3,00 UN) | 22986 - DISJUNTOR WEG UNIPOLAR DIN CURVA B 16A 3KA (4,00 UN) | 14739 - TOMADA ROMAZI INT SIMPLES MDL 10A SP PL 4X2 BR C25 CANOA (1,00 UN) | 24705 - CABO SIL FLEX 2,5MM VERDE (100,00 MT) | 24788 - CABO SIL FLEX 4,0MM VERMELHO (200,00 MT) | 14697 - TOMADA ROMAZI DUPLA MDL 10A PL 4X2 BR C25 CANOA (15,00 UN) | 22625 - BARRAMENTO ENERBRAS TP PENTE MONO 12P DIN 63A 21CM (1,00 PC) | 14674 - TOMADA ROMAZI SIMPLES MDL 10A PL 4X2 BR C25 CANOA (4,00 UN)
L12609588;21/08/2026;LEONARDO;Faturado;CRATEUS;ENTREGUE;URGENTE;R$ 615,00;5;"17708 - ESPACADOR CORTAG NIVELADOR SLIM 1,5MM VERMELHO (1,00 UN) | 17400 - CUNHA CORTAG SLIM PARA NIVELAMENTO (1,00 UN) | 19719 - REJUNTE QUARTZOLIT PORCELANATO CINZA ARTICO 1KG (1,00 UN) | 20201 - ARGAMASSA PISO SOBRE PISO EXTERNO CINZA 15KG QUARTZOLIT (3,00 UN) | 16186 - PORC. ZEUS POLIDO 70 X 70 ""A"" CERBRAS (6,00 MT)"
L12609735;21/08/2026;LEONARDO;Faturado;CRATEUS;ENTREGUE;RETIRADA;R$ 279,71;2;"16422 - PISO CERBRAS MARAJÓ DECK HD 46 X 46 ""A"" (6,90 MT) | 14900 - ARGAMASSA VARANDAS E QUINTAIS 15KG QUARTZOLIT (2,00 UN)"
L12609736;21/08/2026;MASCILON;Faturado;CRATEUS;ENTREGUE;RETIRADA;R$ 148,00;1;"11773 - PISO CERBRAS AURORA BR 46 X 46 ""A"" (4,60 MT)"
L12609741;21/08/2026;LIMA;Faturado;CRATEUS;ENTREGUE;NORMAL;R$ 335,85;2;21954 - PORC. ELIZABETH 74 X 74 CM PLATINUM ESM POLIDO GL (3,24 MT) | 3516 - REJUNTE QUARTZOLIT PORCELANATO PALHA 1KG (1,00 UN)
L12609749;21/08/2026;MASCILON;Faturado;CRATEUS;ENTREGUE;NORMAL;R$ 320,60;6;3985 - BISNAGA GLOBO VERDE (1,00 UN) | 17044 - VERNIZ ACRILICO 3,6 L FORTEX (1,00 UN) | 14900 - ARGAMASSA VARANDAS E QUINTAIS 15KG QUARTZOLIT (4,00 UN) | 17198 - LATEX FORTEX BRANCO NEVE 15L FORTMAIS (1,00 UN) | 17043 - SELADOR PIGMENTADO BR NEVE 3,6L FORTEX (1,00 UN) | 3983 - BISNAGA GLOBO AMARELO (1,00 UN)
L12609751;21/08/2026;CAMILA;Faturado;CRATEUS;ENTREGUE;NORMAL;R$ 1.298,00;1;"12889 - PISO CERBRAS LUMINATTO BLANCO POLIDO 56 X 56 ""A"" (24,09 MT)"
L12609756;21/08/2026;CAMILA;Faturado;CRATEUS;ENTREGUE;NORMAL;R$ 1.333,00;3;12532 - ARGAMASSA ACIII QUARTZOLIT-15KG (5,00 UN) | 21988 - PORC. ELIZABETH CATEDRAL 1.00 X 1.00 GL PB1 ESM EXT A (10,00 MT) | 11906 - REJUNTE QUARTZOLIT P/PORCELANATO CZ PLATINA 1KG FD (1,00)
L12609763;21/08/2026;MASCILON;Faturado;CRATEUS;ENTREGUE;RETIRADA;R$ 882,91;3;11479 - REJUNTE VOTOMASSA CZ PLATINA 1KG (5,00 UN) | 6820 - PISO CERBRAS ARARIPE CZ 46 X 46 ''C'' (29,90 MT) | 14557 - ARGAMASSA COZINHAS / BANHEIROS 15KG QUARTZOLIT (15,00 UN)
L12609765;21/08/2026;CAMILA;Faturado;CRATEUS;ENTREGUE;NORMAL;R$ 1.006,00;15;"20114 - CURVA KRONA ELETRODUTO LONGA 90º 2 (2,00 UN) | 10629 - DISJUNTOR ENERBRAS TERM TRIPOLAR 32A 3P (1,00 UN) | 12697 - ELETR. KRONA RIGIDO ANTICHAMA ""1"" (3,00 UN) | 18305 - ABRACADEIRA INCA TIPO U - D 1 INCA (5,00 UN) | 9918 - ROLDANA GERMER 72 X 72MM (3,00 UN) | 6020 - LUVA AMANCOP/ ELETRODUTO RÍGIDO 1"" (7,00 UN) | 6005 - CURVA AMANCO ELETR. 180º X 2 LONGA (1,00 UN) | 3690 - REX TRIFASICO GALV 3 LINHA RUFINO (1,00 UN) | 24793 - CABO SIL FLEX 6,0MM VERDE (70,00 MT) | 4057 - PARAFUSO JOMARCA CAB. CHATA C/BUCHA Nº 06 (20,00 UN) | 19091 - ABRACADEIRA INCA TIPO U - G 2 POL PT50 (4,00) | 10628 - DISJUNTOR ENERBRAS TERM. TRIPOLAR 25A 3P (1,00 UN) | 13443 - CURVA KRONA ELETRODUTO 90º ""1"" (4,00 UN) | 13705 - ELETR. KRONA RIGIDO ANTICHAMA ""2"" (2,00 UN) | 20116 - LUVA KRONA ELETRODUTO 2 ROSCA (5,00 UN)"
L12609767;21/08/2026;MASCILON;Faturado;CRATEUS;ENTREGUE;RETIRADA;R$ 229,00;1;14900 - ARGAMASSA VARANDAS E QUINTAIS 15KG QUARTZOLIT (10,00 UN)
L12609782;21/08/2026;MASCILON;Faturado;CRATEUS;ENTREGUE;NORMAL;R$ 756,47;1;"21243 - PISO CERBRAS IPANEMA BEGE 46 X 46 ""A"" (25,30 MT)"
L12609784;21/08/2026;MASCILON;Faturado;CRATEUS;ENTREGUE;NORMAL;R$ 336,49;1;6820 - PISO CERBRAS ARARIPE CZ 46 X 46 ''C'' (16,10 MT)
L12609786;21/08/2026;MASCILON;Faturado;CRATEUS;ENTREGUE;NORMAL;R$ 654,81;1;"7319 - PISO CERBRAS CRISTAL 46 X 46 ""C"" (29,90 MT)"
L12609788;21/08/2026;CAMILA;Faturado;CRATEUS;ENTREGUE;NORMAL;R$ 23,90;1;11185 - SPOT BLUMENAU SOB QUAD ALUM 18W BI-WOLT REF:80806004 (1,00 UN)
L12609790;21/08/2026;MASCILON;Faturado;INDEPENDENCIA;ENTREGUE;NORMAL;R$ 4.180,47;12;"22931 - PISO KARINA REF. 75032 ""A"" 75 X 75 RET POLIDO BLACK GOLD (6,69 MT) | 24778 - ARANDELA NITROLUX ALM 203A 6W 3000K (4,00 UN) | 17708 - ESPACADOR CORTAG NIVELADOR SLIM 1,5MM VERMELHO (1,00 UN) | 17400 - CUNHA CORTAG SLIM PARA NIVELAMENTO (1,00 UN) | 11479 - REJUNTE VOTOMASSA CZ PLATINA 1KG (7,00 UN) | 5815 - REJ PRETO GRAFITE QUARTZOLIT-1Kg (1,00 KG) | 14900 - ARGAMASSA VARANDAS E QUINTAIS 15KG QUARTZOLIT (14,00 UN) | 19690 - GAVETA TELHALUZ P/CHURRASQUEIRA INOX MEDIA UNI (1,00) | 13482 - PISO CERBRAS ATENAS CZ 57 X 57 ""A"" (39,30 MT) | 12532 - ARGAMASSA ACIII QUARTZOLIT-15KG (10,00 UN) | 16186 - PORC. ZEUS POLIDO 70 X 70 ""A"" CERBRAS (14,00 MT) | 11906 - REJUNTE QUARTZOLIT P/PORCELANATO CZ PLATINA 1KG FD (1,00)"
L12609791;21/08/2026;LEONARDO;Faturado;CRATEUS;ENTREGUE;URGENTE;R$ 174,50;2;21503 - CIMENTO POTY TODAS OBRAS 50KG (2,00 UN) | 14557 - ARGAMASSA COZINHAS / BANHEIROS 15KG QUARTZOLIT (5,00 UN)
L12609792;21/08/2026;CAMILA;Faturado;CRATEUS;ENTREGUE;NORMAL;R$ 2.765,36;4;24750 - REV. KARINA 68028 MILLENIUM NERO 60 X 120 RET POLIDO ESM (4,36 MT) | 6820 - PISO CERBRAS ARARIPE CZ 46 X 46 ''C'' (69,00 MT) | 14900 - ARGAMASSA VARANDAS E QUINTAIS 15KG QUARTZOLIT (36,00 UN) | 15624 - REJ QUARTZOLIT CZ PLATINA - 1KG (13,00 UN)
L12609801;21/08/2026;CAMILA;Faturado;CRATEUS;ENTREGUE;CARRO HORARIO;R$ 317,84;1;"23107 - PISO KARINA RET REF. 68006 ""A"" 60 X 120 OMBRA DI CARVAGGI (4,36 MT)"
L12609802;21/08/2026;LIMA;Faturado;CRATEUS;ENTREGUE;NORMAL;R$ 2.561,34;13;"17330 - LATEX MARFIM 15L FORTMAIS FORTEX (1,00 UN) | 10311 - TINTA FORTEX FORTCRYL CHOCOLATE 3,6L (2,00 UN) | 7366 - PISO CERBRAS AURORA BR 46 X 46 ''C'' (16,10 MT) | 21243 - PISO CERBRAS IPANEMA BEGE 46 X 46 ""A"" (34,50 MT) | 10313 - LATEX FORTEX BRANCO NEVE 3,6L FORTMAIS (1,00 UN) | 11479 - REJUNTE VOTOMASSA CZ PLATINA 1KG (8,00 UN) | 17977 - MASSA FORTEX PVA 5,5 KG (1,00 UN) | 14900 - ARGAMASSA VARANDAS E QUINTAIS 15KG QUARTZOLIT (3,00 UN) | 13540 - DUCHA FLUX HIGIENICA CROMADA (1,00 UN) | 19162 - SPOT BLUMENAU EMB. RED. ABS+PC 8W BI-VOL LED 6.500K (6,00 PC) | 17332 - LATEX VERDE PRIMAVERA 15L FORTMAIS (1,00 UN) | 14557 - ARGAMASSA COZINHAS / BANHEIROS 15KG QUARTZOLIT (25,00 UN) | 12356 - SIFAO KRONA SANFONADO DUPLO (1,00 UN)"
L12609808;21/08/2026;CAMILA;Faturado;VILA GRACA;ENTREGUE;NORMAL;R$ 836,56;1;"21246 - PISO CERBRAS IPANEMA CINZA 46 X 46 ""A"" (32,20 MT)"
L12609810;21/08/2026;LIMA;Faturado;CRATEUS;ENTREGUE;NORMAL;R$ 157,80;1;"22001 - PORC. TECHNATTO CREMA MATTE 70 X 70 ""A"" CERBRAS (2,00 MT)"
L12609823;21/08/2026;NOBRE LAR VAREJ;Faturado;CRATEUS;ENTREGUE;NORMAL;R$ 3.752,00;1;21503 - CIMENTO POTY TODAS OBRAS 50KG (80,00 UN)
L12609871;21/08/2026;MASCILON;Faturado;CRATEUS;ENTREGUE;RETIRADA;R$ 262,00;4;18578 - REJUNTE QUARTZOLIT PORCELANATOS BRANCO 1KG (2,00 UN) | 4062 - PARAFUSO JOMARCA MAD CHIPBOARD 4,00 X 22 C/500 BICR (40,00 UN) | 14901 - ARGAMASSA PORC E PISO S/ PISO INT CINZA 15KG QUARTZOLIT (1,00 UN) | 10062 - DOBRADICA SILVANA CANTO ZINC. 3.1/2 CARTELA (1,00 UN)
L8507316;21/08/2026;GEICI;Faturado;CRATEUS;ENTREGUE;CARRO HORARIO;73,6;1;16706 - TELHA FIBROC. 2,44 X 0,50M 4MM ETERNIT (2,00 UN)
L8507317;21/08/2026;GEICI;Faturado;CRATEUS;ENTREGUE;CARRO HORARIO;R$ 149,90;1;17368 - TEXT. OCRE COLONIAL 25KG FORTEX (1,00 UN)
L8507318;21/08/2026;KAYLLANE;Faturado;IBIAPABA;ENTREGUE;RETIRADA;R$ 775,61;2;"21243 - PISO CERBRAS IPANEMA BEGE 46 X 46 ""A"" (16,10 MT) | 21810 - PISO KARINA ONIX BLACK RET REF. 75027 ""A"" 75 X 75 (4,46 MT)"
L8507319;21/08/2026;KAYLLANE;Faturado;CRATEUS;ENTREGUE;CARRO HORARIO;R$ 116,90;1;17170 - LATEX FORTEX BRANCO GELO 15L FORTMAIS (1,00 UN)
L8507327;21/08/2026;GEICI;Faturado;CRATEUS;ENTREGUE;URGENTE;R$ 293,40;1;21503 - CIMENTO POTY TODAS OBRAS 50KG (6,00 UN)
